{"1": {"avgLinks": 0.0, "avgDiameter": 0.0, "avgMsgsSent": 0.0, "avgNeighbors": 0.0, "percentReceived": 1.0}, "6": {"avgLinks": 9.075, "avgDiameter": 2.4, "avgMsgsSent": 9.05255, "avgNeighbors": 3.0, "percentReceived": 0.8899458333333333}, "11": {"avgLinks": 21.3, "avgDiameter": 3.4, "avgMsgsSent": 24.230975, "avgNeighbors": 3.8181818181818183, "percentReceived": 0.8922636363636364}, "16": {"avgLinks": 36.875, "avgDiameter": 3.6, "avgMsgsSent": 45.37875, "avgNeighbors": 5.125, "percentReceived": 0.9404703125}, "21": {"avgLinks": 56.325, "avgDiameter": 3.75, "avgMsgsSent": 71.054275, "avgNeighbors": 5.142857142857143, "percentReceived": 0.9675571428571429}, "26": {"avgLinks": 67.275, "avgDiameter": 4.1, "avgMsgsSent": 87.2297, "avgNeighbors": 4.769230769230769, "percentReceived": 0.9482240384615385}, "31": {"avgLinks": 83.175, "avgDiameter": 4.35, "avgMsgsSent": 109.2686, "avgNeighbors": 3.870967741935484, "percentReceived": 0.9537459677419354}, "36": {"avgLinks": 105.55, "avgDiameter": 4.15, "avgMsgsSent": 140.96505, "avgNeighbors": 4.944444444444445, "percentReceived": 0.9731201388888889}, "41": {"avgLinks": 122.925, "avgDiameter": 4.4, "avgMsgsSent": 164.777825, "avgNeighbors": 5.414634146341464, "percentReceived": 0.973125}, "46": {"avgLinks": 149.925, "avgDiameter": 4.35, "avgMsgsSent": 201.951175, "avgNeighbors": 12.869565217391305, "percentReceived": 0.973383152173913}, "51": {"avgLinks": 154.2, "avgDiameter": 4.625, "avgMsgsSent": 209.3373, "avgNeighbors": 5.411764705882353, "percentReceived": 0.9721897058823529}, "56": {"avgLinks": 186.15, "avgDiameter": 4.35, "avgMsgsSent": 251.973, "avgNeighbors": 5.428571428571429, "percentReceived": 0.9807875}, "61": {"avgLinks": 203.8, "avgDiameter": 4.45, "avgMsgsSent": 278.37945, "avgNeighbors": 10.819672131147541, "percentReceived": 0.9800139344262295}, "66": {"avgLinks": 225.45, "avgDiameter": 4.425, "avgMsgsSent": 307.142475, "avgNeighbors": 6.878787878787879, "percentReceived": 0.9851613636363636}, "71": {"avgLinks": 256.625, "avgDiameter": 4.35, "avgMsgsSent": 354.113725, "avgNeighbors": 6.253521126760563, "percentReceived": 0.9887901408450703}, "76": {"avgLinks": 268.2, "avgDiameter": 4.45, "avgMsgsSent": 372.033175, "avgNeighbors": 7.7105263157894735, "percentReceived": 0.9856180921052632}, "81": {"avgLinks": 297.825, "avgDiameter": 4.4, "avgMsgsSent": 411.3476, "avgNeighbors": 7.234567901234568, "percentReceived": 0.9888472222222222}, "86": {"avgLinks": 302.175, "avgDiameter": 4.75, "avgMsgsSent": 422.053975, "avgNeighbors": 10.813953488372093, "percentReceived": 0.9849665697674419}, "91": {"avgLinks": 308.475, "avgDiameter": 4.75, "avgMsgsSent": 433.9514, "avgNeighbors": 6.175824175824176, "percentReceived": 0.9883774725274725}, "96": {"avgLinks": 364.275, "avgDiameter": 4.625, "avgMsgsSent": 509.054425, "avgNeighbors": 10.479166666666666, "percentReceived": 0.9886109375}, "101": {"avgLinks": 388.325, "avgDiameter": 4.55, "avgMsgsSent": 541.633, "avgNeighbors": 7.9405940594059405, "percentReceived": 0.9915794554455445}, "106": {"avgLinks": 408.675, "avgDiameter": 4.7, "avgMsgsSent": 576.4929, "avgNeighbors": 8.471698113207546, "percentReceived": 0.9915580188679245}, "111": {"avgLinks": 436.45, "avgDiameter": 4.575, "avgMsgsSent": 617.313825, "avgNeighbors": 8.576576576576576, "percentReceived": 0.9903137387387387}, "116": {"avgLinks": 448.975, "avgDiameter": 4.7, "avgMsgsSent": 631.18135, "avgNeighbors": 6.293103448275862, "percentReceived": 0.9893107758620691}, "121": {"avgLinks": 539.4, "avgDiameter": 4.325, "avgMsgsSent": 738.0045, "avgNeighbors": 7.933884297520661, "percentReceived": 0.9922836776859505}, "126": {"avgLinks": 497.3, "avgDiameter": 4.775, "avgMsgsSent": 690.408075, "avgNeighbors": 8.936507936507937, "percentReceived": 0.9897791666666667}, "131": {"avgLinks": 497.2, "avgDiameter": 4.825, "avgMsgsSent": 710.6346, "avgNeighbors": 6.687022900763359, "percentReceived": 0.9900003816793894}, "136": {"avgLinks": 564.95, "avgDiameter": 4.475, "avgMsgsSent": 806.14, "avgNeighbors": 6.6911764705882355, "percentReceived": 0.9959560661764707}, "141": {"avgLinks": 549.725, "avgDiameter": 4.875, "avgMsgsSent": 782.161475, "avgNeighbors": 8.936170212765957, "percentReceived": 0.9938835106382978}, "146": {"avgLinks": 626.2, "avgDiameter": 4.65, "avgMsgsSent": 895.811425, "avgNeighbors": 10.013698630136986, "percentReceived": 0.9948875}, "151": {"avgLinks": 605.75, "avgDiameter": 4.85, "avgMsgsSent": 871.9021, "avgNeighbors": 8.225165562913908, "percentReceived": 0.9924769867549669}}