{"51": {"avgLinks": 174.2, "avgDiameter": 4.15, "avgMsgsSent": 443.20885, "avgNeighbors": 7.7254901960784315}, "56": {"avgLinks": 196.5, "avgDiameter": 4.25, "avgMsgsSent": 504.1205, "avgNeighbors": 6.607142857142857}, "61": {"avgLinks": 198.9, "avgDiameter": 4.45, "avgMsgsSent": 542.9629, "avgNeighbors": 5.180327868852459}, "66": {"avgLinks": 223.15, "avgDiameter": 4.45, "avgMsgsSent": 592.2795, "avgNeighbors": 6.515151515151516}}