{"1": {"avgLinks": 0.0, "avgDiameter": 0.0, "avgMsgsSent": 0.0, "avgNeighbors": 0.0, "percentReceived": 1.0}, "6": {"avgLinks": 9.1, "avgDiameter": 2.5, "avgMsgsSent": 2.010975, "avgNeighbors": 2.6666666666666665, "percentReceived": 0.4089291666666666}, "11": {"avgLinks": 21.75, "avgDiameter": 3.175, "avgMsgsSent": 7.1063, "avgNeighbors": 3.090909090909091, "percentReceived": 0.4422272727272727}, "16": {"avgLinks": 37.975, "avgDiameter": 3.525, "avgMsgsSent": 15.160875, "avgNeighbors": 4.5, "percentReceived": 0.5511734375}, "21": {"avgLinks": 53.375, "avgDiameter": 3.85, "avgMsgsSent": 22.91875, "avgNeighbors": 6.0, "percentReceived": 0.5724357142857143}, "26": {"avgLinks": 67.45, "avgDiameter": 3.925, "avgMsgsSent": 30.427825, "avgNeighbors": 5.230769230769231, "percentReceived": 0.6037625}, "31": {"avgLinks": 84.45, "avgDiameter": 4.175, "avgMsgsSent": 39.3531, "avgNeighbors": 4.645161290322581, "percentReceived": 0.6221798387096774}, "36": {"avgLinks": 107.875, "avgDiameter": 4.2, "avgMsgsSent": 55.873975, "avgNeighbors": 6.277777777777778, "percentReceived": 0.6898958333333334}, "41": {"avgLinks": 127.3, "avgDiameter": 4.225, "avgMsgsSent": 68.606, "avgNeighbors": 8.487804878048781, "percentReceived": 0.710860975609756}, "46": {"avgLinks": 147.425, "avgDiameter": 4.225, "avgMsgsSent": 82.056175, "avgNeighbors": 5.217391304347826, "percentReceived": 0.7507114130434782}, "51": {"avgLinks": 170.45, "avgDiameter": 4.275, "avgMsgsSent": 98.533275, "avgNeighbors": 5.647058823529412, "percentReceived": 0.7793671568627452}, "56": {"avgLinks": 178.75, "avgDiameter": 4.4, "avgMsgsSent": 99.63085, "avgNeighbors": 8.035714285714286, "percentReceived": 0.7615455357142856}, "61": {"avgLinks": 209.75, "avgDiameter": 4.35, "avgMsgsSent": 124.55075, "avgNeighbors": 6.098360655737705, "percentReceived": 0.8066573770491803}, "66": {"avgLinks": 240.85, "avgDiameter": 4.275, "avgMsgsSent": 147.151025, "avgNeighbors": 8.242424242424242, "percentReceived": 0.8279992424242425}, "71": {"avgLinks": 241.85, "avgDiameter": 4.575, "avgMsgsSent": 141.5529, "avgNeighbors": 5.661971830985915, "percentReceived": 0.7887514084507042}, "76": {"avgLinks": 261.8, "avgDiameter": 4.7, "avgMsgsSent": 155.199325, "avgNeighbors": 8.5, "percentReceived": 0.8010444078947369}, "81": {"avgLinks": 295.125, "avgDiameter": 4.525, "avgMsgsSent": 181.1003, "avgNeighbors": 6.419753086419753, "percentReceived": 0.8310712962962964}, "86": {"avgLinks": 307.6, "avgDiameter": 4.65, "avgMsgsSent": 187.46615, "avgNeighbors": 10.86046511627907, "percentReceived": 0.8323241279069767}, "91": {"avgLinks": 341.575, "avgDiameter": 4.5, "avgMsgsSent": 213.8392, "avgNeighbors": 6.989010989010989, "percentReceived": 0.8567151098901098}, "96": {"avgLinks": 351.125, "avgDiameter": 4.65, "avgMsgsSent": 218.12255, "avgNeighbors": 6.666666666666667, "percentReceived": 0.8464059895833334}, "101": {"avgLinks": 371.175, "avgDiameter": 4.725, "avgMsgsSent": 229.12115, "avgNeighbors": 8.891089108910892, "percentReceived": 0.8305170792079208}, "106": {"avgLinks": 386.075, "avgDiameter": 4.75, "avgMsgsSent": 238.901725, "avgNeighbors": 6.679245283018868, "percentReceived": 0.8461674528301886}, "111": {"avgLinks": 457.05, "avgDiameter": 4.55, "avgMsgsSent": 294.282325, "avgNeighbors": 6.486486486486487, "percentReceived": 0.8710171171171172}, "116": {"avgLinks": 452.875, "avgDiameter": 4.675, "avgMsgsSent": 291.44345, "avgNeighbors": 7.5344827586206895, "percentReceived": 0.8794803879310344}, "121": {"avgLinks": 470.65, "avgDiameter": 4.675, "avgMsgsSent": 303.32405, "avgNeighbors": 7.487603305785124, "percentReceived": 0.8813851239669421}, "126": {"avgLinks": 494.1, "avgDiameter": 4.775, "avgMsgsSent": 315.157525, "avgNeighbors": 5.079365079365079, "percentReceived": 0.8656323412698413}, "131": {"avgLinks": 500.55, "avgDiameter": 4.8, "avgMsgsSent": 318.1005, "avgNeighbors": 8.061068702290076, "percentReceived": 0.8685587786259542}, "136": {"avgLinks": 528.05, "avgDiameter": 4.625, "avgMsgsSent": 340.54395, "avgNeighbors": 8.338235294117647, "percentReceived": 0.8893965073529412}, "141": {"avgLinks": 539.55, "avgDiameter": 4.825, "avgMsgsSent": 344.049825, "avgNeighbors": 6.921985815602837, "percentReceived": 0.8712054964539007}, "146": {"avgLinks": 655.5, "avgDiameter": 4.5, "avgMsgsSent": 443.6032, "avgNeighbors": 7.917808219178082, "percentReceived": 0.9212897260273972}, "151": {"avgLinks": 590.625, "avgDiameter": 4.8, "avgMsgsSent": 380.5077, "avgNeighbors": 8.80794701986755, "percentReceived": 0.885732119205298}}