{"1": {"avgLinks": 0.0, "avgDiameter": 0.0, "avgMsgsSent": 0.0, "avgNeighbors": 0.0, "percentReceived": 1.0}, "6": {"avgLinks": 9.425, "avgDiameter": 2.275, "avgMsgsSent": 13.141775, "avgNeighbors": 3.0, "percentReceived": 1.0}, "11": {"avgLinks": 20.6, "avgDiameter": 3.45, "avgMsgsSent": 31.454125, "avgNeighbors": 3.272727272727273, "percentReceived": 1.0}, "16": {"avgLinks": 36.375, "avgDiameter": 3.675, "avgMsgsSent": 59.31175, "avgNeighbors": 5.25, "percentReceived": 1.0}, "21": {"avgLinks": 51.25, "avgDiameter": 3.875, "avgMsgsSent": 85.46755, "avgNeighbors": 6.857142857142857, "percentReceived": 1.0}, "26": {"avgLinks": 71.05, "avgDiameter": 4.0, "avgMsgsSent": 118.025325, "avgNeighbors": 4.153846153846154, "percentReceived": 1.0}, "31": {"avgLinks": 95.875, "avgDiameter": 4.05, "avgMsgsSent": 161.796175, "avgNeighbors": 6.774193548387097, "percentReceived": 1.0}, "36": {"avgLinks": 101.05, "avgDiameter": 4.275, "avgMsgsSent": 176.08295, "avgNeighbors": 4.5, "percentReceived": 1.0}, "41": {"avgLinks": 126.6, "avgDiameter": 4.275, "avgMsgsSent": 221.60625, "avgNeighbors": 6.536585365853658, "percentReceived": 1.0}, "46": {"avgLinks": 148.1, "avgDiameter": 4.3, "avgMsgsSent": 258.76735, "avgNeighbors": 6.6521739130434785, "percentReceived": 1.0}, "51": {"avgLinks": 158.575, "avgDiameter": 4.55, "avgMsgsSent": 277.65925, "avgNeighbors": 7.254901960784314, "percentReceived": 1.0}, "56": {"avgLinks": 181.825, "avgDiameter": 4.575, "avgMsgsSent": 324.056125, "avgNeighbors": 6.535714285714286, "percentReceived": 1.0}, "61": {"avgLinks": 197.875, "avgDiameter": 4.45, "avgMsgsSent": 344.97345, "avgNeighbors": 5.901639344262295, "percentReceived": 1.0}, "66": {"avgLinks": 219.25, "avgDiameter": 4.725, "avgMsgsSent": 392.92135, "avgNeighbors": 4.909090909090909, "percentReceived": 1.0}, "71": {"avgLinks": 255.7, "avgDiameter": 4.325, "avgMsgsSent": 443.076675, "avgNeighbors": 7.098591549295775, "percentReceived": 1.0}, "76": {"avgLinks": 255.125, "avgDiameter": 4.875, "avgMsgsSent": 454.2971, "avgNeighbors": 5.342105263157895, "percentReceived": 1.0}, "81": {"avgLinks": 294.0, "avgDiameter": 4.525, "avgMsgsSent": 506.787175, "avgNeighbors": 7.2592592592592595, "percentReceived": 1.0}, "86": {"avgLinks": 306.125, "avgDiameter": 4.575, "avgMsgsSent": 537.225825, "avgNeighbors": 5.767441860465116, "percentReceived": 1.0}, "91": {"avgLinks": 321.65, "avgDiameter": 4.625, "avgMsgsSent": 570.217625, "avgNeighbors": 6.967032967032967, "percentReceived": 1.0}, "96": {"avgLinks": 359.525, "avgDiameter": 4.6, "avgMsgsSent": 622.84535, "avgNeighbors": 7.375, "percentReceived": 1.0}, "101": {"avgLinks": 372.125, "avgDiameter": 4.6, "avgMsgsSent": 662.07865, "avgNeighbors": 6.99009900990099, "percentReceived": 1.0}, "106": {"avgLinks": 412.425, "avgDiameter": 4.55, "avgMsgsSent": 713.2399, "avgNeighbors": 7.169811320754717, "percentReceived": 1.0}, "111": {"avgLinks": 444.225, "avgDiameter": 4.725, "avgMsgsSent": 780.333225, "avgNeighbors": 5.711711711711712, "percentReceived": 1.0}, "116": {"avgLinks": 471.025, "avgDiameter": 4.45, "avgMsgsSent": 830.599525, "avgNeighbors": 7.637931034482759, "percentReceived": 1.0}, "121": {"avgLinks": 482.925, "avgDiameter": 4.7, "avgMsgsSent": 848.006575, "avgNeighbors": 9.173553719008265, "percentReceived": 1.0}, "126": {"avgLinks": 497.6, "avgDiameter": 4.75, "avgMsgsSent": 888.37395, "avgNeighbors": 4.9523809523809526, "percentReceived": 1.0}, "131": {"avgLinks": 543.05, "avgDiameter": 4.45, "avgMsgsSent": 948.204925, "avgNeighbors": 11.16030534351145, "percentReceived": 1.0}, "136": {"avgLinks": 518.4, "avgDiameter": 4.7, "avgMsgsSent": 919.10085, "avgNeighbors": 8.426470588235293, "percentReceived": 1.0}, "141": {"avgLinks": 582.575, "avgDiameter": 4.7, "avgMsgsSent": 1017.77285, "avgNeighbors": 5.602836879432624, "percentReceived": 1.0}, "146": {"avgLinks": 583.225, "avgDiameter": 4.775, "avgMsgsSent": 1035.779525, "avgNeighbors": 6.3561643835616435, "percentReceived": 1.0}, "151": {"avgLinks": 623.8, "avgDiameter": 4.675, "avgMsgsSent": 1114.779575, "avgNeighbors": 7.178807947019868, "percentReceived": 1.0}}