{"1": {"avgLinks": 0.0, "avgDiameter": 0.0, "avgMsgsSent": 0.0, "avgNeighbors": 0.0, "percentReceived": 1.0}, "6": {"avgLinks": 9.075, "avgDiameter": 2.4, "avgMsgsSent": 0.0802, "avgNeighbors": 3.0, "percentReceived": 0.17970833333333333}, "11": {"avgLinks": 20.975, "avgDiameter": 3.475, "avgMsgsSent": 0.621975, "avgNeighbors": 4.181818181818182, "percentReceived": 0.13993636363636364}, "16": {"avgLinks": 35.65, "avgDiameter": 3.85, "avgMsgsSent": 1.333125, "avgNeighbors": 3.625, "percentReceived": 0.131884375}, "21": {"avgLinks": 54.55, "avgDiameter": 3.7, "avgMsgsSent": 2.87375, "avgNeighbors": 6.476190476190476, "percentReceived": 0.14972857142857143}, "26": {"avgLinks": 73.925, "avgDiameter": 3.8, "avgMsgsSent": 3.65365, "avgNeighbors": 3.6923076923076925, "percentReceived": 0.14747019230769232}, "31": {"avgLinks": 84.95, "avgDiameter": 4.2, "avgMsgsSent": 3.94905, "avgNeighbors": 7.67741935483871, "percentReceived": 0.12765725806451614}, "36": {"avgLinks": 109.275, "avgDiameter": 4.3, "avgMsgsSent": 6.34495, "avgNeighbors": 5.111111111111111, "percentReceived": 0.15513125}, "41": {"avgLinks": 128.8, "avgDiameter": 4.225, "avgMsgsSent": 7.672275, "avgNeighbors": 4.2439024390243905, "percentReceived": 0.16064512195121952}, "46": {"avgLinks": 145.0, "avgDiameter": 4.375, "avgMsgsSent": 9.558625, "avgNeighbors": 4.173913043478261, "percentReceived": 0.15412717391304348}, "51": {"avgLinks": 151.125, "avgDiameter": 4.4, "avgMsgsSent": 7.2983, "avgNeighbors": 5.411764705882353, "percentReceived": 0.11740735294117648}, "56": {"avgLinks": 190.1, "avgDiameter": 4.275, "avgMsgsSent": 13.5144, "avgNeighbors": 10.25, "percentReceived": 0.18196294642857144}, "61": {"avgLinks": 191.175, "avgDiameter": 4.55, "avgMsgsSent": 9.071475, "avgNeighbors": 8.163934426229508, "percentReceived": 0.12279098360655737}, "66": {"avgLinks": 222.25, "avgDiameter": 4.6, "avgMsgsSent": 15.7927, "avgNeighbors": 5.636363636363637, "percentReceived": 0.17482840909090908}, "71": {"avgLinks": 253.875, "avgDiameter": 4.475, "avgMsgsSent": 20.760725, "avgNeighbors": 6.47887323943662, "percentReceived": 0.20814823943661973}, "76": {"avgLinks": 260.15, "avgDiameter": 4.625, "avgMsgsSent": 16.331225, "avgNeighbors": 8.026315789473685, "percentReceived": 0.16159177631578947}, "81": {"avgLinks": 294.875, "avgDiameter": 4.4, "avgMsgsSent": 23.285325, "avgNeighbors": 9.703703703703704, "percentReceived": 0.2038716049382716}, "86": {"avgLinks": 319.825, "avgDiameter": 4.5, "avgMsgsSent": 29.461675, "avgNeighbors": 9.0, "percentReceived": 0.2225127906976744}, "91": {"avgLinks": 344.0, "avgDiameter": 4.575, "avgMsgsSent": 34.262825, "avgNeighbors": 4.747252747252747, "percentReceived": 0.24394120879120879}, "96": {"avgLinks": 353.6, "avgDiameter": 4.675, "avgMsgsSent": 31.334925, "avgNeighbors": 7.0, "percentReceived": 0.20774192708333336}, "101": {"avgLinks": 388.575, "avgDiameter": 4.55, "avgMsgsSent": 40.5161, "avgNeighbors": 14.772277227722773, "percentReceived": 0.23069084158415842}, "106": {"avgLinks": 420.725, "avgDiameter": 4.7, "avgMsgsSent": 50.73775, "avgNeighbors": 6.886792452830188, "percentReceived": 0.2813306603773585}, "111": {"avgLinks": 429.925, "avgDiameter": 4.65, "avgMsgsSent": 48.024625, "avgNeighbors": 7.081081081081081, "percentReceived": 0.26542995495495497}, "116": {"avgLinks": 445.15, "avgDiameter": 4.675, "avgMsgsSent": 45.82295, "avgNeighbors": 11.879310344827585, "percentReceived": 0.2484446120689655}, "121": {"avgLinks": 474.775, "avgDiameter": 4.8, "avgMsgsSent": 52.65645, "avgNeighbors": 6.396694214876033, "percentReceived": 0.2641729338842975}, "126": {"avgLinks": 485.9, "avgDiameter": 4.725, "avgMsgsSent": 44.421425, "avgNeighbors": 8.412698412698413, "percentReceived": 0.23564186507936508}, "131": {"avgLinks": 518.575, "avgDiameter": 4.6, "avgMsgsSent": 55.54245, "avgNeighbors": 9.282442748091603, "percentReceived": 0.2786202290076336}, "136": {"avgLinks": 533.1, "avgDiameter": 4.8, "avgMsgsSent": 51.454825, "avgNeighbors": 8.691176470588236, "percentReceived": 0.24063455882352944}, "141": {"avgLinks": 581.975, "avgDiameter": 4.575, "avgMsgsSent": 72.313475, "avgNeighbors": 7.134751773049645, "percentReceived": 0.3191421985815603}, "146": {"avgLinks": 549.925, "avgDiameter": 4.925, "avgMsgsSent": 46.55025, "avgNeighbors": 5.958904109589041, "percentReceived": 0.2139542808219178}, "151": {"avgLinks": 623.8, "avgDiameter": 4.775, "avgMsgsSent": 77.619725, "avgNeighbors": 8.649006622516556, "percentReceived": 0.3147879139072848}}