{"1": {"avgLinks": 0.0, "avgDiameter": 0.0, "avgMsgsSent": 0.0, "avgNeighbors": 0.0, "percentReceived": 1.0}, "6": {"avgLinks": 9.3, "avgDiameter": 2.3, "avgMsgsSent": 5.9384, "avgNeighbors": 3.0, "percentReceived": 0.7207291666666666}, "11": {"avgLinks": 21.8, "avgDiameter": 3.275, "avgMsgsSent": 16.684425, "avgNeighbors": 2.727272727272727, "percentReceived": 0.756175}, "16": {"avgLinks": 38.7, "avgDiameter": 3.375, "avgMsgsSent": 34.6268, "avgNeighbors": 5.5, "percentReceived": 0.87304375}, "21": {"avgLinks": 52.625, "avgDiameter": 3.85, "avgMsgsSent": 47.62775, "avgNeighbors": 7.904761904761905, "percentReceived": 0.8492988095238095}, "26": {"avgLinks": 65.175, "avgDiameter": 4.125, "avgMsgsSent": 59.634125, "avgNeighbors": 5.3076923076923075, "percentReceived": 0.8520125000000001}, "31": {"avgLinks": 87.8, "avgDiameter": 4.1, "avgMsgsSent": 85.585175, "avgNeighbors": 4.645161290322581, "percentReceived": 0.9173717741935483}, "36": {"avgLinks": 107.45, "avgDiameter": 4.2, "avgMsgsSent": 104.974825, "avgNeighbors": 5.666666666666667, "percentReceived": 0.9178277777777778}, "41": {"avgLinks": 133.125, "avgDiameter": 4.15, "avgMsgsSent": 132.5726, "avgNeighbors": 4.195121951219512, "percentReceived": 0.9357432926829269}, "46": {"avgLinks": 135.9, "avgDiameter": 4.55, "avgMsgsSent": 134.8054, "avgNeighbors": 5.956521739130435, "percentReceived": 0.918525}, "51": {"avgLinks": 159.85, "avgDiameter": 4.35, "avgMsgsSent": 163.28085, "avgNeighbors": 6.0, "percentReceived": 0.9419485294117647}, "56": {"avgLinks": 188.425, "avgDiameter": 4.4, "avgMsgsSent": 194.89655, "avgNeighbors": 6.821428571428571, "percentReceived": 0.9593625}, "61": {"avgLinks": 207.8, "avgDiameter": 4.5, "avgMsgsSent": 212.387275, "avgNeighbors": 9.80327868852459, "percentReceived": 0.9412262295081967}, "66": {"avgLinks": 231.45, "avgDiameter": 4.35, "avgMsgsSent": 241.4279, "avgNeighbors": 6.181818181818182, "percentReceived": 0.9643136363636363}, "71": {"avgLinks": 252.0, "avgDiameter": 4.5, "avgMsgsSent": 261.0446, "avgNeighbors": 10.366197183098592, "percentReceived": 0.9561285211267606}, "76": {"avgLinks": 268.175, "avgDiameter": 4.625, "avgMsgsSent": 280.830125, "avgNeighbors": 8.342105263157896, "percentReceived": 0.9621118421052632}, "81": {"avgLinks": 278.025, "avgDiameter": 4.625, "avgMsgsSent": 290.885375, "avgNeighbors": 6.419753086419753, "percentReceived": 0.9632950617283951}, "86": {"avgLinks": 305.725, "avgDiameter": 4.6, "avgMsgsSent": 321.981825, "avgNeighbors": 6.27906976744186, "percentReceived": 0.9618529069767443}, "91": {"avgLinks": 336.5, "avgDiameter": 4.575, "avgMsgsSent": 354.635325, "avgNeighbors": 9.802197802197803, "percentReceived": 0.9677741758241758}, "96": {"avgLinks": 359.9, "avgDiameter": 4.625, "avgMsgsSent": 381.457175, "avgNeighbors": 8.416666666666666, "percentReceived": 0.9704903645833333}, "101": {"avgLinks": 379.15, "avgDiameter": 4.7, "avgMsgsSent": 401.62875, "avgNeighbors": 8.712871287128714, "percentReceived": 0.9717361386138613}, "106": {"avgLinks": 391.125, "avgDiameter": 4.725, "avgMsgsSent": 414.8138, "avgNeighbors": 7.132075471698113, "percentReceived": 0.9689594339622641}, "111": {"avgLinks": 448.375, "avgDiameter": 4.525, "avgMsgsSent": 474.70825, "avgNeighbors": 10.036036036036036, "percentReceived": 0.976813063063063}, "116": {"avgLinks": 465.725, "avgDiameter": 4.65, "avgMsgsSent": 498.03435, "avgNeighbors": 8.120689655172415, "percentReceived": 0.9783668103448275}, "121": {"avgLinks": 477.025, "avgDiameter": 4.65, "avgMsgsSent": 510.543975, "avgNeighbors": 7.140495867768595, "percentReceived": 0.9766237603305785}, "126": {"avgLinks": 527.05, "avgDiameter": 4.525, "avgMsgsSent": 566.360425, "avgNeighbors": 7.095238095238095, "percentReceived": 0.982338492063492}, "131": {"avgLinks": 564.775, "avgDiameter": 4.375, "avgMsgsSent": 605.49745, "avgNeighbors": 9.572519083969466, "percentReceived": 0.9863024809160306}, "136": {"avgLinks": 557.0, "avgDiameter": 4.625, "avgMsgsSent": 600.698375, "avgNeighbors": 6.735294117647059, "percentReceived": 0.9809968749999999}, "141": {"avgLinks": 599.925, "avgDiameter": 4.625, "avgMsgsSent": 645.664525, "avgNeighbors": 9.390070921985815, "percentReceived": 0.9824767730496453}, "146": {"avgLinks": 575.8, "avgDiameter": 4.85, "avgMsgsSent": 618.654625, "avgNeighbors": 7.6438356164383565, "percentReceived": 0.9804044520547945}, "151": {"avgLinks": 643.575, "avgDiameter": 4.7, "avgMsgsSent": 693.8204, "avgNeighbors": 9.178807947019868, "percentReceived": 0.9815811258278145}}